{
"Manchester Piccadilly":"MAN",
"Wigan Wallgate":"WGW",
"Manchester Airport": "MIA",
"London Euston": "EUS",
"Stockport": "SPT",
"Manchester Oxford Road": "MCO",
"Southport": "SOP",
"Blackpool North": "BPN",
"Liverpool Lime Street": "LIV",
"Birmingham New Street": "BHM",
"Crewe via Stockport": "CRE",
"Crewe": "CRE",
"Macclesfield": "MAC",
"York": "YRK",
"Buxton": "BUX",
"Chester": "CTR",
"Wilmslow": "WML",
"Alderley Edge": "ALD",
"Bolton": "BOL",
"Chinley": "CLY",
"Barrow-in-Furness": "BIF",
"Preston (Lancs)": "PRE"
}
